mesh,noise_sigma,spacing_h,epsilon_over_h,epsilon,surface_distance,inside_iou
sphere,0.0,0.07706300658300753,0.05,0.0038531503291503767,0.004827575291567153,0.995997162545602
sphere,0.0,0.07706300658300753,0.1,0.0077063006583007534,0.004827570024382856,0.995997162545602
sphere,0.0,0.07706300658300753,0.25,0.019265751645751884,0.0048270821507313735,0.995997162545602
sphere,0.0,0.07706300658300753,0.5,0.03853150329150377,0.004835207386863381,0.9954928721545591
sphere,0.0,0.07706300658300753,0.75,0.057797254937255654,0.004983327911095728,0.9939830615598534
sphere,0.0,0.07706300658300753,1.0,0.07706300658300753,0.0055066707823976,0.9893068310479306
sphere,0.0,0.07706300658300753,1.5,0.11559450987451131,0.008055894797273512,0.9778662024372047
sphere,0.0,0.07706300658300753,2.0,0.15412601316601507,0.012511334315369348,0.9615572728161987
sphere,0.0,0.07706300658300753,3.0,0.23118901974902262,0.02614099149847133,0.9199597576097892
cube,0.0,0.10556505490467728,0.05,0.005278252745233865,0.008202828273467203,0.9898377028714107
cube,0.0,0.10556505490467728,0.1,0.01055650549046773,0.008202815896193507,0.9898377028714107
cube,0.0,0.10556505490467728,0.25,0.02639126372616932,0.008199835663406194,0.9898377028714107
cube,0.0,0.10556505490467728,0.5,0.05278252745233864,0.008108174505775605,0.9899612935447621
cube,0.0,0.10556505490467728,0.75,0.07917379117850797,0.008238485634148085,0.9900972789370497
cube,0.0,0.10556505490467728,1.0,0.10556505490467728,0.009227476051511287,0.988899421273199
cube,0.0,0.10556505490467728,1.5,0.15834758235701593,0.013697062878839653,0.9781138965653375
cube,0.0,0.10556505490467728,2.0,0.21113010980935457,0.021121421492693103,0.9566686375538475
cube,0.0,0.10556505490467728,3.0,0.31669516471403186,0.04343526814332704,0.8990927647992742
bunny,0.0,0.06543659081141376,0.05,0.003271829540570688,0.008212411121242857,0.9733835450309568
bunny,0.0,0.06543659081141376,0.1,0.006543659081141376,0.008212417377685936,0.9733835450309568
bunny,0.0,0.06543659081141376,0.25,0.01635914770285344,0.008212952083672561,0.9733231220881996
bunny,0.0,0.06543659081141376,0.5,0.03271829540570688,0.008307259794294633,0.9724524933044254
bunny,0.0,0.06543659081141376,0.75,0.04907744310856032,0.008841557639181194,0.9675271135916789
bunny,0.0,0.06543659081141376,1.0,0.06543659081141376,0.010090678784001866,0.9585873185445862
bunny,0.0,0.06543659081141376,1.5,0.09815488621712064,0.014638349046899094,0.9262946997753627
bunny,0.0,0.06543659081141376,2.0,0.13087318162282752,0.02117425794815946,0.8891413258767331
bunny,0.0,0.06543659081141376,3.0,0.19630977243424128,0.039525361238731425,0.7973818712840305
camel,0.0,0.04694706872603617,0.05,0.002347353436301809,0.019102674016586392,0.8810051736881005
camel,0.0,0.04694706872603617,0.1,0.004694706872603618,0.019102723044872514,0.8810051736881005
camel,0.0,0.04694706872603617,0.25,0.011736767181509043,0.019110625553740525,0.8812515397881252
camel,0.0,0.04694706872603617,0.5,0.023473534363018085,0.019152398330365267,0.8806594488188977
camel,0.0,0.04694706872603617,0.75,0.03521030154452713,0.01969977845613572,0.8614791616477957
camel,0.0,0.04694706872603617,1.0,0.04694706872603617,0.020965105806782645,0.8381353947060202
camel,0.0,0.04694706872603617,1.5,0.07042060308905426,0.02532648756971921,0.781933508311461
camel,0.0,0.04694706872603617,2.0,0.09389413745207234,0.03174691292606063,0.7083993660855784
camel,0.0,0.04694706872603617,3.0,0.14084120617810852,0.04976621333840761,0.5563150535963959
kid,0.0,0.03310862097454574,0.05,0.0016554310487272871,0.15043263354083822,0.35241445474896066
kid,0.0,0.03310862097454574,0.1,0.0033108620974545743,0.1504326282091065,0.35241445474896066
kid,0.0,0.03310862097454574,0.25,0.008277155243636435,0.150431970561228,0.35241445474896066
kid,0.0,0.03310862097454574,0.5,0.01655431048727287,0.1500354833449722,0.35162731333758773
kid,0.0,0.03310862097454574,0.75,0.024831465730909306,0.1499763594067736,0.349825562955915
kid,0.0,0.03310862097454574,1.0,0.03310862097454574,0.1499202170352609,0.3463230672532998
kid,0.0,0.03310862097454574,1.5,0.04966293146181861,0.1505067900078592,0.3390716261912081
kid,0.0,0.03310862097454574,2.0,0.06621724194909148,0.1480639767617263,0.32536873156342183
kid,0.0,0.03310862097454574,3.0,0.09932586292363722,0.15172172942304482,0.2925602329891448
bunny,0.01,0.06716981692786234,0.05,0.003358490846393117,0.0082633148199761,0.9690852536024884
bunny,0.01,0.06716981692786234,0.1,0.006716981692786234,0.008263518345897211,0.9690852536024884
bunny,0.01,0.06716981692786234,0.25,0.016792454231965584,0.00825759305807454,0.9694583783097339
bunny,0.01,0.06716981692786234,0.5,0.03358490846393117,0.008262138893049657,0.969485504028421
bunny,0.01,0.06716981692786234,0.75,0.05037736269589675,0.008668573427183059,0.9635446231472722
bunny,0.01,0.06716981692786234,1.0,0.06716981692786234,0.009961625314747608,0.9535783365570599
bunny,0.01,0.06716981692786234,1.5,0.1007547253917935,0.014489083159318227,0.923768710767745
bunny,0.01,0.06716981692786234,2.0,0.13433963385572467,0.021188785509827324,0.8860444958104594
bunny,0.01,0.06716981692786234,3.0,0.201509450783587,0.04006229920730045,0.794596270083174
bunny,0.02,0.07129883407122312,0.05,0.003564941703561156,0.01016793480519018,0.9465544970926636
bunny,0.02,0.07129883407122312,0.1,0.007129883407122312,0.010167959391110131,0.9465544970926636
bunny,0.02,0.07129883407122312,0.25,0.01782470851780578,0.010152868996302026,0.9470362578888751
bunny,0.02,0.07129883407122312,0.5,0.03564941703561156,0.009943871738340774,0.9492144005938389
bunny,0.02,0.07129883407122312,0.75,0.05347412555341734,0.010000073218714416,0.949691738594328
bunny,0.02,0.07129883407122312,1.0,0.07129883407122312,0.011099570102971218,0.9392922513727883
bunny,0.02,0.07129883407122312,1.5,0.10694825110683467,0.015083102922520464,0.9120321171330735
bunny,0.02,0.07129883407122312,2.0,0.14259766814244623,0.021528143421844097,0.8764958229848724
bunny,0.02,0.07129883407122312,3.0,0.21389650221366935,0.04110853353995407,0.785678391959799
bunny,0.04,0.08138807738027742,0.05,0.004069403869013871,0.01781507922980746,0.8701807397459571
bunny,0.04,0.08138807738027742,0.1,0.008138807738027743,0.017815093237020845,0.8701807397459571
bunny,0.04,0.08138807738027742,0.25,0.020347019345069356,0.017816645918319947,0.8707330721880246
bunny,0.04,0.08138807738027742,0.5,0.04069403869013871,0.01768289808415755,0.878241388966676
bunny,0.04,0.08138807738027742,0.75,0.06104105803520807,0.01787126295438849,0.8874670258741651
bunny,0.04,0.08138807738027742,1.0,0.08138807738027742,0.0191122088425153,0.885521321723599
bunny,0.04,0.08138807738027742,1.5,0.12208211607041614,0.021161448889388805,0.8776366708453698
bunny,0.04,0.08138807738027742,2.0,0.16277615476055485,0.024755376163389117,0.8598669390748599
bunny,0.04,0.08138807738027742,3.0,0.24416423214083227,0.042486051657355715,0.7823458282950423
